{
  "id": "35vPPOwTTG8ZiaIxYrqwxpmfbIA",
  "version": "1",
  "turboVersion": "2.6.1",
  "monorepo": true,
  "globalCacheInputs": {
    "rootKey": "I can’t see ya, but I know you’re here",
    "files": {},
    "hashOfExternalDependencies": "f9cdb86c32d2f6dd",
    "hashOfInternalDependencies": "",
    "environmentVariables": {
      "specified": {
        "env": [],
        "passThroughEnv": null
      },
      "configured": [],
      "inferred": [],
      "passthrough": null
    },
    "engines": {
      "node": ">=18"
    }
  },
  "execution": {
    "command": "turbo run build --filter=storefront...",
    "repoPath": "",
    "success": 1,
    "failed": 0,
    "cached": 1,
    "attempted": 2,
    "startTime": 1763987508128,
    "endTime": 1763987547665,
    "exitCode": 0
  },
  "packages": [
    "@repo/core-config",
    "@repo/eslint-config",
    "@repo/typescript-config",
    "@repo/ui",
    "storefront"
  ],
  "envMode": "strict",
  "frameworkInference": true,
  "tasks": [
    {
      "taskId": "@repo/core-config#build",
      "task": "build",
      "package": "@repo/core-config",
      "hash": "5fd5a958c5a99ef1",
      "inputs": {
        "package.json": "cdf28b8935124b47face83c24a3d9c551b7b4368",
        "src/config/env.ts": "c7c85117cbf34b0bc6daabd4499acee4b5908f91",
        "src/domain/announcement.ts": "cff69172242ca7938c8577006af71fb01fbf8a8a",
        "src/domain/tenant.ts": "5fcadf5d40da0bd129d74f847b3b9d5ec70f2290",
        "src/domain/translations.ts": "be8dbac51412ab316ac088021a3a9c394fcbb2bf",
        "src/http/announcementApi.ts": "6cc414d3af964dbbc463cb96d1fd54174831bcd2",
        "src/http/httpClient.ts": "ede2d1ad9d82107a1194124f562d1517b6ba11ee",
        "src/http/i18nApi.ts": "65c86fea52267e712fe55f470664964ee9be5dcd",
        "src/http/tenantApi.ts": "29e190524f4c8d7ea50f17dc985e584510262ef6",
        "src/index.ts": "a77204ffa765717dee1d71d0142937068bc3e2f8",
        "tsconfig.build.json": "7aff6a199a44ecfb0529abfd549019b40af8b714"
      },
      "hashOfExternalDependencies": "459c029558afe716",
      "cache": {
        "local": true,
        "remote": false,
        "status": "HIT",
        "source": "LOCAL",
        "timeSaved": 0
      },
      "command": "tsc -p tsconfig.build.json",
      "cliArguments": [],
      "outputs": [
        ".next/**",
        "dist/**"
      ],
      "excludedOutputs": [
        ".next/cache/**"
      ],
      "logFile": "packages\\core-config\\.turbo\\turbo-build.log",
      "directory": "packages\\core-config",
      "dependencies": [],
      "dependents": [
        "storefront#build"
      ],
      "with": [],
      "resolvedTaskDefinition": {
        "outputs": [
          "!.next/cache/**",
          ".next/**",
          "dist/**"
        ],
        "cache": true,
        "dependsOn": [
          "^build"
        ],
        "inputs": [
          "!**/.next/**",
          "!**/.turbo/**",
          "!**/dist/**",
          "!**/out/**",
          "$TURBO_DEFAULT$",
          ".env*"
        ],
        "outputLogs": "full",
        "persistent": false,
        "interruptible": false,
        "env": [],
        "passThroughEnv": null,
        "interactive": false
      },
      "expandedOutputs": [],
      "framework": "",
      "envMode": "strict",
      "environmentVariables": {
        "specified": {
          "env": [],
          "passThroughEnv": null
        },
        "configured": [],
        "inferred": [],
        "passthrough": null
      },
      "execution": {
        "startTime": 1763987510287,
        "endTime": 1763987510291,
        "exitCode": 0
      }
    },
    {
      "taskId": "storefront#build",
      "task": "build",
      "package": "storefront",
      "hash": "485f3352ecff971a",
      "inputs": {
        ".gitignore": "f886745c5216623d70058427ddd40ecf6ebf84f7",
        "README.md": "a98bfa8140e14c75a3675f1666a6f587d4d25fe5",
        "app/(providers)/ThemeProvider.tsx": "0fbce3e44d17f0662996d1af4dc2593063669d52",
        "app/fonts/GeistMonoVF.woff": "f2ae185cbfd16946a534d819e9eb03924abbcc49",
        "app/fonts/GeistVF.woff": "1b62daacff96dad6584e71cd962051b82957c313",
        "app/globals.css": "b073e9d7894038805dde6d0ab834c03cc2ed59e3",
        "app/layout.tsx": "8469537555ad68b14377be257758ab1876d3ff5b",
        "app/org/[orgId]/anuncios/[id]/page.tsx": "b78c5ad2d20c6b2599c98de41de1fc017d5d38a5",
        "app/org/[orgId]/anuncios/page.tsx": "6e520db584ef726abd1f0f55fa59be1b32197b0c",
        "app/org/[orgId]/layout.tsx": "0a2fbb736ab5f441de5d758e78a40805b8f14159",
        "app/org/[orgId]/page.tsx": "9c34c7b6cab21e98a71562aa0f5e05235a895351",
        "app/page.tsx": "715b7a388d4cab65f1dfc1066244e0de0ae7ae45",
        "app/robots.ts": "8036467bb44dabda0d395ccf8c396d91b3c51e64",
        "app/sitemap.ts": "e94060a466a932042b02431140dcf36002f2cbbb",
        "components.json": "36ef86ed5ae4bfb874bad338b47d6b46c43a0bc8",
        "eslint.config.js": "47b0670b132933008b2e81120476aa900f03b170",
        "next.config.ts": "c3c2663aee5e6e6ec7232f74f9140fe2258c037a",
        "package.json": "5ac813f640fb5c99057f1394d2d29c08375c5640",
        "postcss.config.js": "6040c2f2a3d2a7349bd841a56222e129acc2561d",
        "public/file-text.svg": "9cfb3c98674c3553ae58854c31f9302cc1f72a24",
        "public/globe.svg": "4230a3d2071c406b7e4c7b297d247fc194be540c",
        "public/next.svg": "5174b28c565c285e3e312ec5178be64fbeca8398",
        "public/turborepo-dark.svg": "dae38fed549745d94f3380a9280864ae0f797c1f",
        "public/turborepo-light.svg": "ddea915815874759a0cd6dd54dbd197b874c3c99",
        "public/vercel.svg": "0164ddc5ad9db8a097651e72e9fe9c9caf6e394a",
        "public/window.svg": "bbc780069c332dbf9b048a30e7d1f5358921c534",
        "tailwind.config.js": "1bd111c06a2cb3aa594d900974a4f734698084d7",
        "tsconfig.json": "cb982ce476d57bd6b05650fce4817d9e0d34be54"
      },
      "hashOfExternalDependencies": "649a9066ec5e4ab5",
      "cache": {
        "local": false,
        "remote": false,
        "status": "MISS",
        "timeSaved": 0
      },
      "command": "next build",
      "cliArguments": [],
      "outputs": [
        ".next/**",
        "dist/**"
      ],
      "excludedOutputs": [
        ".next/cache/**"
      ],
      "logFile": "apps\\storefront\\.turbo\\turbo-build.log",
      "directory": "apps\\storefront",
      "dependencies": [
        "@repo/core-config#build",
        "@repo/eslint-config#build",
        "@repo/typescript-config#build",
        "@repo/ui#build"
      ],
      "dependents": [],
      "with": [],
      "resolvedTaskDefinition": {
        "outputs": [
          "!.next/cache/**",
          ".next/**",
          "dist/**"
        ],
        "cache": true,
        "dependsOn": [
          "^build"
        ],
        "inputs": [
          "!**/.next/**",
          "!**/.turbo/**",
          "!**/dist/**",
          "!**/out/**",
          "$TURBO_DEFAULT$",
          ".env*"
        ],
        "outputLogs": "full",
        "persistent": false,
        "interruptible": false,
        "env": [],
        "passThroughEnv": null,
        "interactive": false
      },
      "expandedOutputs": [
        "apps\\storefront\\.next",
        "apps\\storefront\\.next\\BUILD_ID",
        "apps\\storefront\\.next\\app-path-routes-manifest.json",
        "apps\\storefront\\.next\\build",
        "apps\\storefront\\.next\\build\\chunks",
        "apps\\storefront\\.next\\build\\chunks\\[root-of-the-server]__b2f8d886._.js",
        "apps\\storefront\\.next\\build\\chunks\\[root-of-the-server]__b2f8d886._.js.map",
        "apps\\storefront\\.next\\build\\chunks\\[root-of-the-server]__f04028aa._.js",
        "apps\\storefront\\.next\\build\\chunks\\[root-of-the-server]__f04028aa._.js.map",
        "apps\\storefront\\.next\\build\\chunks\\[turbopack-node]_transforms_postcss_ts_a5ea06c4._.js",
        "apps\\storefront\\.next\\build\\chunks\\[turbopack-node]_transforms_postcss_ts_a5ea06c4._.js.map",
        "apps\\storefront\\.next\\build\\chunks\\[turbopack]_runtime.js",
        "apps\\storefront\\.next\\build\\chunks\\[turbopack]_runtime.js.map",
        "apps\\storefront\\.next\\build\\chunks\\node_modules__pnpm_806d01c0._.js",
        "apps\\storefront\\.next\\build\\chunks\\node_modules__pnpm_806d01c0._.js.map",
        "apps\\storefront\\.next\\build\\package.json",
        "apps\\storefront\\.next\\build\\postcss.js",
        "apps\\storefront\\.next\\build\\postcss.js.map",
        "apps\\storefront\\.next\\build-manifest.json",
        "apps\\storefront\\.next\\dev",
        "apps\\storefront\\.next\\dev\\build",
        "apps\\storefront\\.next\\dev\\build\\chunks",
        "apps\\storefront\\.next\\dev\\build\\chunks\\[root-of-the-server]__813481cf._.js",
        "apps\\storefront\\.next\\dev\\build\\chunks\\[root-of-the-server]__813481cf._.js.map",
        "apps\\storefront\\.next\\dev\\build\\chunks\\[root-of-the-server]__b2f8d886._.js",
        "apps\\storefront\\.next\\dev\\build\\chunks\\[root-of-the-server]__b2f8d886._.js.map",
        "apps\\storefront\\.next\\dev\\build\\chunks\\[root-of-the-server]__f04028aa._.js",
        "apps\\storefront\\.next\\dev\\build\\chunks\\[root-of-the-server]__f04028aa._.js.map",
        "apps\\storefront\\.next\\dev\\build\\chunks\\[turbopack-node]_transforms_postcss_ts_a5ea06c4._.js",
        "apps\\storefront\\.next\\dev\\build\\chunks\\[turbopack-node]_transforms_postcss_ts_a5ea06c4._.js.map",
        "apps\\storefront\\.next\\dev\\build\\chunks\\[turbopack-node]_transforms_postcss_ts_d7c1bab8._.js",
        "apps\\storefront\\.next\\dev\\build\\chunks\\[turbopack-node]_transforms_postcss_ts_d7c1bab8._.js.map",
        "apps\\storefront\\.next\\dev\\build\\chunks\\[turbopack]_runtime.js",
        "apps\\storefront\\.next\\dev\\build\\chunks\\[turbopack]_runtime.js.map",
        "apps\\storefront\\.next\\dev\\build\\chunks\\node_modules__pnpm_806d01c0._.js",
        "apps\\storefront\\.next\\dev\\build\\chunks\\node_modules__pnpm_806d01c0._.js.map",
        "apps\\storefront\\.next\\dev\\build\\package.json",
        "apps\\storefront\\.next\\dev\\build\\postcss.js",
        "apps\\storefront\\.next\\dev\\build\\postcss.js.map",
        "apps\\storefront\\.next\\dev\\build-manifest.json",
        "apps\\storefront\\.next\\dev\\cache",
        "apps\\storefront\\.next\\dev\\cache\\.rscinfo",
        "apps\\storefront\\.next\\dev\\cache\\chrome-devtools-workspace-uuid",
        "apps\\storefront\\.next\\dev\\cache\\fetch-cache",
        "apps\\storefront\\.next\\dev\\cache\\fetch-cache\\18f723c308c966af8b1807986e0f813c6eaa41bd53e708a31353424ac9096836",
        "apps\\storefront\\.next\\dev\\cache\\fetch-cache\\674d057a7155a3dbb45916aa9fb7f3e8c0d145bbfb6ad735d3d86e108f6ef33a",
        "apps\\storefront\\.next\\dev\\cache\\fetch-cache\\a21ba1ef4d1df109d2cd6be96fdf6f734405afffb00ef143410fe6310617916d",
        "apps\\storefront\\.next\\dev\\cache\\fetch-cache\\b3154ecd7ccf3bfc5d10c8a3085900b8bd28e12ffdb919df617ef8b8482e5dde",
        "apps\\storefront\\.next\\dev\\cache\\fetch-cache\\c9cb5cea2706f0352402211d48a86496b791b4c51de6b97a677a5a92da6728f3",
        "apps\\storefront\\.next\\dev\\cache\\fetch-cache\\d18011251db634385e3b2196d36fb152eaa74feb5984307bfa9206a10bbdddbe",
        "apps\\storefront\\.next\\dev\\cache\\next-devtools-config.json",
        "apps\\storefront\\.next\\dev\\fallback-build-manifest.json",
        "apps\\storefront\\.next\\dev\\lock",
        "apps\\storefront\\.next\\dev\\logs",
        "apps\\storefront\\.next\\dev\\logs\\next-development.log",
        "apps\\storefront\\.next\\dev\\package.json",
        "apps\\storefront\\.next\\dev\\prerender-manifest.json",
        "apps\\storefront\\.next\\dev\\routes-manifest.json",
        "apps\\storefront\\.next\\dev\\server",
        "apps\\storefront\\.next\\dev\\server\\app",
        "apps\\storefront\\.next\\dev\\server\\app\\_not-found",
        "apps\\storefront\\.next\\dev\\server\\app\\_not-found\\page",
        "apps\\storefront\\.next\\dev\\server\\app\\_not-found\\page\\app-paths-manifest.json",
        "apps\\storefront\\.next\\dev\\server\\app\\_not-found\\page\\build-manifest.json",
        "apps\\storefront\\.next\\dev\\server\\app\\_not-found\\page\\next-font-manifest.json",
        "apps\\storefront\\.next\\dev\\server\\app\\_not-found\\page\\react-loadable-manifest.json",
        "apps\\storefront\\.next\\dev\\server\\app\\_not-found\\page\\server-reference-manifest.json",
        "apps\\storefront\\.next\\dev\\server\\app\\_not-found\\page.js",
        "apps\\storefront\\.next\\dev\\server\\app\\_not-found\\page.js.map",
        "apps\\storefront\\.next\\dev\\server\\app\\_not-found\\page_client-reference-manifest.js",
        "apps\\storefront\\.next\\dev\\server\\app\\org",
        "apps\\storefront\\.next\\dev\\server\\app\\org\\[orgId]",
        "apps\\storefront\\.next\\dev\\server\\app\\org\\[orgId]\\anuncios",
        "apps\\storefront\\.next\\dev\\server\\app\\org\\[orgId]\\anuncios\\[id]",
        "apps\\storefront\\.next\\dev\\server\\app\\org\\[orgId]\\anuncios\\[id]\\page",
        "apps\\storefront\\.next\\dev\\server\\app\\org\\[orgId]\\anuncios\\[id]\\page\\app-paths-manifest.json",
        "apps\\storefront\\.next\\dev\\server\\app\\org\\[orgId]\\anuncios\\[id]\\page\\build-manifest.json",
        "apps\\storefront\\.next\\dev\\server\\app\\org\\[orgId]\\anuncios\\[id]\\page\\next-font-manifest.json",
        "apps\\storefront\\.next\\dev\\server\\app\\org\\[orgId]\\anuncios\\[id]\\page\\react-loadable-manifest.json",
        "apps\\storefront\\.next\\dev\\server\\app\\org\\[orgId]\\anuncios\\[id]\\page\\server-reference-manifest.json",
        "apps\\storefront\\.next\\dev\\server\\app\\org\\[orgId]\\anuncios\\[id]\\page.js",
        "apps\\storefront\\.next\\dev\\server\\app\\org\\[orgId]\\anuncios\\[id]\\page.js.map",
        "apps\\storefront\\.next\\dev\\server\\app\\org\\[orgId]\\anuncios\\[id]\\page_client-reference-manifest.js",
        "apps\\storefront\\.next\\dev\\server\\app\\org\\[orgId]\\anuncios\\page",
        "apps\\storefront\\.next\\dev\\server\\app\\org\\[orgId]\\anuncios\\page\\app-paths-manifest.json",
        "apps\\storefront\\.next\\dev\\server\\app\\org\\[orgId]\\anuncios\\page\\build-manifest.json",
        "apps\\storefront\\.next\\dev\\server\\app\\org\\[orgId]\\anuncios\\page\\next-font-manifest.json",
        "apps\\storefront\\.next\\dev\\server\\app\\org\\[orgId]\\anuncios\\page\\react-loadable-manifest.json",
        "apps\\storefront\\.next\\dev\\server\\app\\org\\[orgId]\\anuncios\\page\\server-reference-manifest.json",
        "apps\\storefront\\.next\\dev\\server\\app\\org\\[orgId]\\anuncios\\page.js",
        "apps\\storefront\\.next\\dev\\server\\app\\org\\[orgId]\\anuncios\\page.js.map",
        "apps\\storefront\\.next\\dev\\server\\app\\org\\[orgId]\\anuncios\\page_client-reference-manifest.js",
        "apps\\storefront\\.next\\dev\\server\\app\\org\\[orgId]\\page",
        "apps\\storefront\\.next\\dev\\server\\app\\org\\[orgId]\\page\\app-paths-manifest.json",
        "apps\\storefront\\.next\\dev\\server\\app\\org\\[orgId]\\page\\build-manifest.json",
        "apps\\storefront\\.next\\dev\\server\\app\\org\\[orgId]\\page\\next-font-manifest.json",
        "apps\\storefront\\.next\\dev\\server\\app\\org\\[orgId]\\page\\react-loadable-manifest.json",
        "apps\\storefront\\.next\\dev\\server\\app\\org\\[orgId]\\page\\server-reference-manifest.json",
        "apps\\storefront\\.next\\dev\\server\\app\\org\\[orgId]\\page.js",
        "apps\\storefront\\.next\\dev\\server\\app\\org\\[orgId]\\page.js.map",
        "apps\\storefront\\.next\\dev\\server\\app\\org\\[orgId]\\page_client-reference-manifest.js",
        "apps\\storefront\\.next\\dev\\server\\app\\page",
        "apps\\storefront\\.next\\dev\\server\\app\\page\\app-paths-manifest.json",
        "apps\\storefront\\.next\\dev\\server\\app\\page\\build-manifest.json",
        "apps\\storefront\\.next\\dev\\server\\app\\page\\next-font-manifest.json",
        "apps\\storefront\\.next\\dev\\server\\app\\page\\react-loadable-manifest.json",
        "apps\\storefront\\.next\\dev\\server\\app\\page\\server-reference-manifest.json",
        "apps\\storefront\\.next\\dev\\server\\app\\page.js",
        "apps\\storefront\\.next\\dev\\server\\app\\page.js.map",
        "apps\\storefront\\.next\\dev\\server\\app\\page_client-reference-manifest.js",
        "apps\\storefront\\.next\\dev\\server\\app\\sitemap.xml",
        "apps\\storefront\\.next\\dev\\server\\app\\sitemap.xml\\route",
        "apps\\storefront\\.next\\dev\\server\\app\\sitemap.xml\\route\\app-paths-manifest.json",
        "apps\\storefront\\.next\\dev\\server\\app\\sitemap.xml\\route\\build-manifest.json",
        "apps\\storefront\\.next\\dev\\server\\app\\sitemap.xml\\route\\server-reference-manifest.json",
        "apps\\storefront\\.next\\dev\\server\\app\\sitemap.xml\\route.js",
        "apps\\storefront\\.next\\dev\\server\\app\\sitemap.xml\\route.js.map",
        "apps\\storefront\\.next\\dev\\server\\app\\sitemap.xml\\route_client-reference-manifest.js",
        "apps\\storefront\\.next\\dev\\server\\app-paths-manifest.json",
        "apps\\storefront\\.next\\dev\\server\\chunks",
        "apps\\storefront\\.next\\dev\\server\\chunks\\275cd_next_f54f2ad4._.js",
        "apps\\storefront\\.next\\dev\\server\\chunks\\275cd_next_f54f2ad4._.js.map",
        "apps\\storefront\\.next\\dev\\server\\chunks\\[root-of-the-server]__2f581f69._.js",
        "apps\\storefront\\.next\\dev\\server\\chunks\\[root-of-the-server]__2f581f69._.js.map",
        "apps\\storefront\\.next\\dev\\server\\chunks\\[turbopack]_runtime.js",
        "apps\\storefront\\.next\\dev\\server\\chunks\\[turbopack]_runtime.js.map",
        "apps\\storefront\\.next\\dev\\server\\chunks\\apps_storefront__next-internal_server_app_sitemap_xml_route_actions_413c119c.js",
        "apps\\storefront\\.next\\dev\\server\\chunks\\apps_storefront__next-internal_server_app_sitemap_xml_route_actions_413c119c.js.map",
        "apps\\storefront\\.next\\dev\\server\\chunks\\ssr",
        "apps\\storefront\\.next\\dev\\server\\chunks\\ssr\\0da96_storefront__next-internal_server_app_org_[orgId]_anuncios_page_actions_878e2489.js",
        "apps\\storefront\\.next\\dev\\server\\chunks\\ssr\\0da96_storefront__next-internal_server_app_org_[orgId]_anuncios_page_actions_878e2489.js.map",
        "apps\\storefront\\.next\\dev\\server\\chunks\\ssr\\275cd_next_dist_0bc5a822._.js",
        "apps\\storefront\\.next\\dev\\server\\chunks\\ssr\\275cd_next_dist_0bc5a822._.js.map",
        "apps\\storefront\\.next\\dev\\server\\chunks\\ssr\\275cd_next_dist_4473821a._.js",
        "apps\\storefront\\.next\\dev\\server\\chunks\\ssr\\275cd_next_dist_4473821a._.js.map",
        "apps\\storefront\\.next\\dev\\server\\chunks\\ssr\\275cd_next_dist_53aaaa47._.js",
        "apps\\storefront\\.next\\dev\\server\\chunks\\ssr\\275cd_next_dist_53aaaa47._.js.map",
        "apps\\storefront\\.next\\dev\\server\\chunks\\ssr\\275cd_next_dist_64a8566d._.js",
        "apps\\storefront\\.next\\dev\\server\\chunks\\ssr\\275cd_next_dist_64a8566d._.js.map",
        "apps\\storefront\\.next\\dev\\server\\chunks\\ssr\\275cd_next_dist_6bfb48ec._.js",
        "apps\\storefront\\.next\\dev\\server\\chunks\\ssr\\275cd_next_dist_6bfb48ec._.js.map",
        "apps\\storefront\\.next\\dev\\server\\chunks\\ssr\\275cd_next_dist_7692157e._.js",
        "apps\\storefront\\.next\\dev\\server\\chunks\\ssr\\275cd_next_dist_7692157e._.js.map",
        "apps\\storefront\\.next\\dev\\server\\chunks\\ssr\\275cd_next_dist_792e9b48._.js",
        "apps\\storefront\\.next\\dev\\server\\chunks\\ssr\\275cd_next_dist_792e9b48._.js.map",
        "apps\\storefront\\.next\\dev\\server\\chunks\\ssr\\275cd_next_dist_9bc348b1._.js",
        "apps\\storefront\\.next\\dev\\server\\chunks\\ssr\\275cd_next_dist_9bc348b1._.js.map",
        "apps\\storefront\\.next\\dev\\server\\chunks\\ssr\\275cd_next_dist_cc435bd1._.js",
        "apps\\storefront\\.next\\dev\\server\\chunks\\ssr\\275cd_next_dist_cc435bd1._.js.map",
        "apps\\storefront\\.next\\dev\\server\\chunks\\ssr\\275cd_next_dist_client_components_44061dcf._.js",
        "apps\\storefront\\.next\\dev\\server\\chunks\\ssr\\275cd_next_dist_client_components_44061dcf._.js.map",
        "apps\\storefront\\.next\\dev\\server\\chunks\\ssr\\275cd_next_dist_client_components_builtin_forbidden_83c1f1ca.js",
        "apps\\storefront\\.next\\dev\\server\\chunks\\ssr\\275cd_next_dist_client_components_builtin_forbidden_83c1f1ca.js.map",
        "apps\\storefront\\.next\\dev\\server\\chunks\\ssr\\275cd_next_dist_client_components_builtin_global-error_832d590f.js",
        "apps\\storefront\\.next\\dev\\server\\chunks\\ssr\\275cd_next_dist_client_components_builtin_global-error_832d590f.js.map",
        "apps\\storefront\\.next\\dev\\server\\chunks\\ssr\\275cd_next_dist_client_components_builtin_unauthorized_9d117012.js",
        "apps\\storefront\\.next\\dev\\server\\chunks\\ssr\\275cd_next_dist_client_components_builtin_unauthorized_9d117012.js.map",
        "apps\\storefront\\.next\\dev\\server\\chunks\\ssr\\275cd_next_dist_fe2c7b55._.js",
        "apps\\storefront\\.next\\dev\\server\\chunks\\ssr\\275cd_next_dist_fe2c7b55._.js.map",
        "apps\\storefront\\.next\\dev\\server\\chunks\\ssr\\275cd_next_e9909d98._.js",
        "apps\\storefront\\.next\\dev\\server\\chunks\\ssr\\275cd_next_e9909d98._.js.map",
        "apps\\storefront\\.next\\dev\\server\\chunks\\ssr\\3cd3d__next-internal_server_app_org_[orgId]_anuncios_[id]_page_actions_c0883251.js",
        "apps\\storefront\\.next\\dev\\server\\chunks\\ssr\\3cd3d__next-internal_server_app_org_[orgId]_anuncios_[id]_page_actions_c0883251.js.map",
        "apps\\storefront\\.next\\dev\\server\\chunks\\ssr\\[externals]_next_dist_compiled_next-server_app-page-turbo_runtime_dev_062c5159.js",
        "apps\\storefront\\.next\\dev\\server\\chunks\\ssr\\[externals]_next_dist_compiled_next-server_app-page-turbo_runtime_dev_062c5159.js.map",
        "apps\\storefront\\.next\\dev\\server\\chunks\\ssr\\[externals]_next_dist_shared_lib_no-fallback-error_external_59b92b38.js",
        "apps\\storefront\\.next\\dev\\server\\chunks\\ssr\\[externals]_next_dist_shared_lib_no-fallback-error_external_59b92b38.js.map",
        "apps\\storefront\\.next\\dev\\server\\chunks\\ssr\\[root-of-the-server]__0d00542c._.js",
        "apps\\storefront\\.next\\dev\\server\\chunks\\ssr\\[root-of-the-server]__0d00542c._.js.map",
        "apps\\storefront\\.next\\dev\\server\\chunks\\ssr\\[root-of-the-server]__1aaf5479._.js",
        "apps\\storefront\\.next\\dev\\server\\chunks\\ssr\\[root-of-the-server]__1aaf5479._.js.map",
        "apps\\storefront\\.next\\dev\\server\\chunks\\ssr\\[root-of-the-server]__1e11145c._.js",
        "apps\\storefront\\.next\\dev\\server\\chunks\\ssr\\[root-of-the-server]__1e11145c._.js.map",
        "apps\\storefront\\.next\\dev\\server\\chunks\\ssr\\[root-of-the-server]__213c8d29._.js",
        "apps\\storefront\\.next\\dev\\server\\chunks\\ssr\\[root-of-the-server]__213c8d29._.js.map",
        "apps\\storefront\\.next\\dev\\server\\chunks\\ssr\\[root-of-the-server]__25ad46e6._.js",
        "apps\\storefront\\.next\\dev\\server\\chunks\\ssr\\[root-of-the-server]__25ad46e6._.js.map",
        "apps\\storefront\\.next\\dev\\server\\chunks\\ssr\\[root-of-the-server]__2b09e402._.js",
        "apps\\storefront\\.next\\dev\\server\\chunks\\ssr\\[root-of-the-server]__2b09e402._.js.map",
        "apps\\storefront\\.next\\dev\\server\\chunks\\ssr\\[root-of-the-server]__478980cc._.js",
        "apps\\storefront\\.next\\dev\\server\\chunks\\ssr\\[root-of-the-server]__478980cc._.js.map",
        "apps\\storefront\\.next\\dev\\server\\chunks\\ssr\\[root-of-the-server]__55ad11d3._.js",
        "apps\\storefront\\.next\\dev\\server\\chunks\\ssr\\[root-of-the-server]__55ad11d3._.js.map",
        "apps\\storefront\\.next\\dev\\server\\chunks\\ssr\\[root-of-the-server]__575faeee._.js",
        "apps\\storefront\\.next\\dev\\server\\chunks\\ssr\\[root-of-the-server]__575faeee._.js.map",
        "apps\\storefront\\.next\\dev\\server\\chunks\\ssr\\[root-of-the-server]__597ef363._.js",
        "apps\\storefront\\.next\\dev\\server\\chunks\\ssr\\[root-of-the-server]__597ef363._.js.map",
        "apps\\storefront\\.next\\dev\\server\\chunks\\ssr\\[root-of-the-server]__7f148858._.js",
        "apps\\storefront\\.next\\dev\\server\\chunks\\ssr\\[root-of-the-server]__7f148858._.js.map",
        "apps\\storefront\\.next\\dev\\server\\chunks\\ssr\\[root-of-the-server]__883984cf._.js",
        "apps\\storefront\\.next\\dev\\server\\chunks\\ssr\\[root-of-the-server]__883984cf._.js.map",
        "apps\\storefront\\.next\\dev\\server\\chunks\\ssr\\[root-of-the-server]__9db24780._.js",
        "apps\\storefront\\.next\\dev\\server\\chunks\\ssr\\[root-of-the-server]__9db24780._.js.map",
        "apps\\storefront\\.next\\dev\\server\\chunks\\ssr\\[root-of-the-server]__ae9166f5._.js",
        "apps\\storefront\\.next\\dev\\server\\chunks\\ssr\\[root-of-the-server]__ae9166f5._.js.map",
        "apps\\storefront\\.next\\dev\\server\\chunks\\ssr\\[root-of-the-server]__c80f7c8f._.js",
        "apps\\storefront\\.next\\dev\\server\\chunks\\ssr\\[root-of-the-server]__c80f7c8f._.js.map",
        "apps\\storefront\\.next\\dev\\server\\chunks\\ssr\\[root-of-the-server]__d7d71f88._.js",
        "apps\\storefront\\.next\\dev\\server\\chunks\\ssr\\[root-of-the-server]__d7d71f88._.js.map",
        "apps\\storefront\\.next\\dev\\server\\chunks\\ssr\\[root-of-the-server]__e6a4d965._.js",
        "apps\\storefront\\.next\\dev\\server\\chunks\\ssr\\[root-of-the-server]__e6a4d965._.js.map",
        "apps\\storefront\\.next\\dev\\server\\chunks\\ssr\\[root-of-the-server]__ed3a3686._.js",
        "apps\\storefront\\.next\\dev\\server\\chunks\\ssr\\[root-of-the-server]__ed3a3686._.js.map",
        "apps\\storefront\\.next\\dev\\server\\chunks\\ssr\\[turbopack]_runtime.js",
        "apps\\storefront\\.next\\dev\\server\\chunks\\ssr\\[turbopack]_runtime.js.map",
        "apps\\storefront\\.next\\dev\\server\\chunks\\ssr\\_15dae4c8._.js",
        "apps\\storefront\\.next\\dev\\server\\chunks\\ssr\\_15dae4c8._.js.map",
        "apps\\storefront\\.next\\dev\\server\\chunks\\ssr\\_91ba9701._.js",
        "apps\\storefront\\.next\\dev\\server\\chunks\\ssr\\_91ba9701._.js.map",
        "apps\\storefront\\.next\\dev\\server\\chunks\\ssr\\apps_storefront__next-internal_server_app__not-found_page_actions_73173e43.js",
        "apps\\storefront\\.next\\dev\\server\\chunks\\ssr\\apps_storefront__next-internal_server_app__not-found_page_actions_73173e43.js.map",
        "apps\\storefront\\.next\\dev\\server\\chunks\\ssr\\apps_storefront__next-internal_server_app_org_[orgId]_page_actions_371509fb.js",
        "apps\\storefront\\.next\\dev\\server\\chunks\\ssr\\apps_storefront__next-internal_server_app_org_[orgId]_page_actions_371509fb.js.map",
        "apps\\storefront\\.next\\dev\\server\\chunks\\ssr\\apps_storefront__next-internal_server_app_page_actions_f499f551.js",
        "apps\\storefront\\.next\\dev\\server\\chunks\\ssr\\apps_storefront__next-internal_server_app_page_actions_f499f551.js.map",
        "apps\\storefront\\.next\\dev\\server\\chunks\\ssr\\apps_storefront_app_7f06a707._.js",
        "apps\\storefront\\.next\\dev\\server\\chunks\\ssr\\apps_storefront_app_7f06a707._.js.map",
        "apps\\storefront\\.next\\dev\\server\\chunks\\ssr\\apps_storefront_app_org_[orgId]_acd0c859._.js",
        "apps\\storefront\\.next\\dev\\server\\chunks\\ssr\\apps_storefront_app_org_[orgId]_acd0c859._.js.map",
        "apps\\storefront\\.next\\dev\\server\\chunks\\ssr\\apps_storefront_app_org_[orgId]_layout_tsx_f20db4f1._.js",
        "apps\\storefront\\.next\\dev\\server\\chunks\\ssr\\apps_storefront_app_org_[orgId]_layout_tsx_f20db4f1._.js.map",
        "apps\\storefront\\.next\\dev\\server\\chunks\\ssr\\node_modules__pnpm_0cad58b1._.js",
        "apps\\storefront\\.next\\dev\\server\\chunks\\ssr\\node_modules__pnpm_0cad58b1._.js.map",
        "apps\\storefront\\.next\\dev\\server\\chunks\\ssr\\node_modules__pnpm_111b2600._.js",
        "apps\\storefront\\.next\\dev\\server\\chunks\\ssr\\node_modules__pnpm_111b2600._.js.map",
        "apps\\storefront\\.next\\dev\\server\\chunks\\ssr\\node_modules__pnpm_38d78a46._.js",
        "apps\\storefront\\.next\\dev\\server\\chunks\\ssr\\node_modules__pnpm_38d78a46._.js.map",
        "apps\\storefront\\.next\\dev\\server\\chunks\\ssr\\node_modules__pnpm_79302646._.js",
        "apps\\storefront\\.next\\dev\\server\\chunks\\ssr\\node_modules__pnpm_79302646._.js.map",
        "apps\\storefront\\.next\\dev\\server\\chunks\\ssr\\node_modules__pnpm_9ceb8cb5._.js",
        "apps\\storefront\\.next\\dev\\server\\chunks\\ssr\\node_modules__pnpm_9ceb8cb5._.js.map",
        "apps\\storefront\\.next\\dev\\server\\chunks\\ssr\\node_modules__pnpm_9f2e8e0d._.js",
        "apps\\storefront\\.next\\dev\\server\\chunks\\ssr\\node_modules__pnpm_9f2e8e0d._.js.map",
        "apps\\storefront\\.next\\dev\\server\\chunks\\ssr\\node_modules__pnpm_af694350._.js",
        "apps\\storefront\\.next\\dev\\server\\chunks\\ssr\\node_modules__pnpm_af694350._.js.map",
        "apps\\storefront\\.next\\dev\\server\\chunks\\ssr\\node_modules__pnpm_bf587b9f._.js",
        "apps\\storefront\\.next\\dev\\server\\chunks\\ssr\\node_modules__pnpm_bf587b9f._.js.map",
        "apps\\storefront\\.next\\dev\\server\\chunks\\ssr\\node_modules__pnpm_dafed52c._.js",
        "apps\\storefront\\.next\\dev\\server\\chunks\\ssr\\node_modules__pnpm_dafed52c._.js.map",
        "apps\\storefront\\.next\\dev\\server\\chunks\\ssr\\node_modules__pnpm_dc2c3e15._.js",
        "apps\\storefront\\.next\\dev\\server\\chunks\\ssr\\node_modules__pnpm_dc2c3e15._.js.map",
        "apps\\storefront\\.next\\dev\\server\\chunks\\ssr\\node_modules__pnpm_e656cf43._.js",
        "apps\\storefront\\.next\\dev\\server\\chunks\\ssr\\node_modules__pnpm_e656cf43._.js.map",
        "apps\\storefront\\.next\\dev\\server\\chunks\\ssr\\node_modules__pnpm_fb3c62a2._.js",
        "apps\\storefront\\.next\\dev\\server\\chunks\\ssr\\node_modules__pnpm_fb3c62a2._.js.map",
        "apps\\storefront\\.next\\dev\\server\\interception-route-rewrite-manifest.js",
        "apps\\storefront\\.next\\dev\\server\\middleware-build-manifest.js",
        "apps\\storefront\\.next\\dev\\server\\middleware-manifest.json",
        "apps\\storefront\\.next\\dev\\server\\next-font-manifest.js",
        "apps\\storefront\\.next\\dev\\server\\next-font-manifest.json",
        "apps\\storefront\\.next\\dev\\server\\pages",
        "apps\\storefront\\.next\\dev\\server\\pages\\_app",
        "apps\\storefront\\.next\\dev\\server\\pages\\_app\\build-manifest.json",
        "apps\\storefront\\.next\\dev\\server\\pages\\_app\\client-build-manifest.json",
        "apps\\storefront\\.next\\dev\\server\\pages\\_app\\next-font-manifest.json",
        "apps\\storefront\\.next\\dev\\server\\pages\\_app\\pages-manifest.json",
        "apps\\storefront\\.next\\dev\\server\\pages\\_app\\react-loadable-manifest.json",
        "apps\\storefront\\.next\\dev\\server\\pages\\_app.js",
        "apps\\storefront\\.next\\dev\\server\\pages\\_app.js.map",
        "apps\\storefront\\.next\\dev\\server\\pages\\_document",
        "apps\\storefront\\.next\\dev\\server\\pages\\_document\\next-font-manifest.json",
        "apps\\storefront\\.next\\dev\\server\\pages\\_document\\pages-manifest.json",
        "apps\\storefront\\.next\\dev\\server\\pages\\_document\\react-loadable-manifest.json",
        "apps\\storefront\\.next\\dev\\server\\pages\\_document.js",
        "apps\\storefront\\.next\\dev\\server\\pages\\_document.js.map",
        "apps\\storefront\\.next\\dev\\server\\pages\\_error",
        "apps\\storefront\\.next\\dev\\server\\pages\\_error\\build-manifest.json",
        "apps\\storefront\\.next\\dev\\server\\pages\\_error\\client-build-manifest.json",
        "apps\\storefront\\.next\\dev\\server\\pages\\_error\\next-font-manifest.json",
        "apps\\storefront\\.next\\dev\\server\\pages\\_error\\pages-manifest.json",
        "apps\\storefront\\.next\\dev\\server\\pages\\_error\\react-loadable-manifest.json",
        "apps\\storefront\\.next\\dev\\server\\pages\\_error.js",
        "apps\\storefront\\.next\\dev\\server\\pages\\_error.js.map",
        "apps\\storefront\\.next\\dev\\server\\pages-manifest.json",
        "apps\\storefront\\.next\\dev\\server\\server-reference-manifest.js",
        "apps\\storefront\\.next\\dev\\server\\server-reference-manifest.json",
        "apps\\storefront\\.next\\dev\\static",
        "apps\\storefront\\.next\\dev\\static\\chunks",
        "apps\\storefront\\.next\\dev\\static\\chunks\\275cd_next_app_beb66603.js",
        "apps\\storefront\\.next\\dev\\static\\chunks\\275cd_next_app_beb66603.js.map",
        "apps\\storefront\\.next\\dev\\static\\chunks\\275cd_next_dist_22217fac._.js",
        "apps\\storefront\\.next\\dev\\static\\chunks\\275cd_next_dist_22217fac._.js.map",
        "apps\\storefront\\.next\\dev\\static\\chunks\\275cd_next_dist_3620cbe5._.js",
        "apps\\storefront\\.next\\dev\\static\\chunks\\275cd_next_dist_3620cbe5._.js.map",
        "apps\\storefront\\.next\\dev\\static\\chunks\\275cd_next_dist_4e3ccfeb._.js",
        "apps\\storefront\\.next\\dev\\static\\chunks\\275cd_next_dist_4e3ccfeb._.js.map",
        "apps\\storefront\\.next\\dev\\static\\chunks\\275cd_next_dist_6820112b._.js",
        "apps\\storefront\\.next\\dev\\static\\chunks\\275cd_next_dist_6820112b._.js.map",
        "apps\\storefront\\.next\\dev\\static\\chunks\\275cd_next_dist_9f1f0598._.js",
        "apps\\storefront\\.next\\dev\\static\\chunks\\275cd_next_dist_9f1f0598._.js.map",
        "apps\\storefront\\.next\\dev\\static\\chunks\\275cd_next_dist_bcc0f6b4._.js",
        "apps\\storefront\\.next\\dev\\static\\chunks\\275cd_next_dist_bcc0f6b4._.js.map",
        "apps\\storefront\\.next\\dev\\static\\chunks\\275cd_next_dist_build_polyfills_polyfill-nomodule.js",
        "apps\\storefront\\.next\\dev\\static\\chunks\\275cd_next_dist_client_3887e3eb._.js",
        "apps\\storefront\\.next\\dev\\static\\chunks\\275cd_next_dist_client_3887e3eb._.js.map",
        "apps\\storefront\\.next\\dev\\static\\chunks\\275cd_next_dist_client_44a4f487._.js",
        "apps\\storefront\\.next\\dev\\static\\chunks\\275cd_next_dist_client_44a4f487._.js.map",
        "apps\\storefront\\.next\\dev\\static\\chunks\\275cd_next_dist_client_components_builtin_global-error_70331b46.js",
        "apps\\storefront\\.next\\dev\\static\\chunks\\275cd_next_dist_compiled_8d861880._.js",
        "apps\\storefront\\.next\\dev\\static\\chunks\\275cd_next_dist_compiled_8d861880._.js.map",
        "apps\\storefront\\.next\\dev\\static\\chunks\\275cd_next_dist_compiled_d18cae9f._.js",
        "apps\\storefront\\.next\\dev\\static\\chunks\\275cd_next_dist_compiled_d18cae9f._.js.map",
        "apps\\storefront\\.next\\dev\\static\\chunks\\275cd_next_dist_compiled_next-devtools_index_f9fb729c.js",
        "apps\\storefront\\.next\\dev\\static\\chunks\\275cd_next_dist_compiled_next-devtools_index_f9fb729c.js.map",
        "apps\\storefront\\.next\\dev\\static\\chunks\\275cd_next_dist_compiled_react-dom_4112948c._.js",
        "apps\\storefront\\.next\\dev\\static\\chunks\\275cd_next_dist_compiled_react-dom_4112948c._.js.map",
        "apps\\storefront\\.next\\dev\\static\\chunks\\275cd_next_dist_compiled_react-server-dom-turbopack_cb687b00._.js",
        "apps\\storefront\\.next\\dev\\static\\chunks\\275cd_next_dist_compiled_react-server-dom-turbopack_cb687b00._.js.map",
        "apps\\storefront\\.next\\dev\\static\\chunks\\275cd_next_dist_shared_lib_535bf107._.js",
        "apps\\storefront\\.next\\dev\\static\\chunks\\275cd_next_dist_shared_lib_535bf107._.js.map",
        "apps\\storefront\\.next\\dev\\static\\chunks\\275cd_next_dist_shared_lib_6086d6af._.js",
        "apps\\storefront\\.next\\dev\\static\\chunks\\275cd_next_dist_shared_lib_6086d6af._.js.map",
        "apps\\storefront\\.next\\dev\\static\\chunks\\275cd_next_error_3be7897a.js",
        "apps\\storefront\\.next\\dev\\static\\chunks\\275cd_next_error_3be7897a.js.map",
        "apps\\storefront\\.next\\dev\\static\\chunks\\69652_@swc_helpers_cjs_679851cc._.js",
        "apps\\storefront\\.next\\dev\\static\\chunks\\69652_@swc_helpers_cjs_679851cc._.js.map",
        "apps\\storefront\\.next\\dev\\static\\chunks\\76102_react-dom_44795136._.js",
        "apps\\storefront\\.next\\dev\\static\\chunks\\76102_react-dom_44795136._.js.map",
        "apps\\storefront\\.next\\dev\\static\\chunks\\[next]_entry_page-loader_ts_218e72b8._.js",
        "apps\\storefront\\.next\\dev\\static\\chunks\\[next]_entry_page-loader_ts_218e72b8._.js.map",
        "apps\\storefront\\.next\\dev\\static\\chunks\\[next]_entry_page-loader_ts_b3f29451._.js",
        "apps\\storefront\\.next\\dev\\static\\chunks\\[next]_entry_page-loader_ts_b3f29451._.js.map",
        "apps\\storefront\\.next\\dev\\static\\chunks\\[root-of-the-server]__5b342d1c._.js",
        "apps\\storefront\\.next\\dev\\static\\chunks\\[root-of-the-server]__5b342d1c._.js.map",
        "apps\\storefront\\.next\\dev\\static\\chunks\\[root-of-the-server]__dca0bdea._.js",
        "apps\\storefront\\.next\\dev\\static\\chunks\\[root-of-the-server]__dca0bdea._.js.map",
        "apps\\storefront\\.next\\dev\\static\\chunks\\[turbopack]_browser_dev_hmr-client_hmr-client_ts_01431c0d._.js",
        "apps\\storefront\\.next\\dev\\static\\chunks\\[turbopack]_browser_dev_hmr-client_hmr-client_ts_0eb3f4d8._.js",
        "apps\\storefront\\.next\\dev\\static\\chunks\\[turbopack]_browser_dev_hmr-client_hmr-client_ts_0eb3f4d8._.js.map",
        "apps\\storefront\\.next\\dev\\static\\chunks\\[turbopack]_browser_dev_hmr-client_hmr-client_ts_c8c997ce._.js",
        "apps\\storefront\\.next\\dev\\static\\chunks\\[turbopack]_browser_dev_hmr-client_hmr-client_ts_c8c997ce._.js.map",
        "apps\\storefront\\.next\\dev\\static\\chunks\\_2937a9ce._.js",
        "apps\\storefront\\.next\\dev\\static\\chunks\\_2937a9ce._.js.map",
        "apps\\storefront\\.next\\dev\\static\\chunks\\_aa408c49._.js",
        "apps\\storefront\\.next\\dev\\static\\chunks\\_aa408c49._.js.map",
        "apps\\storefront\\.next\\dev\\static\\chunks\\apps_storefront_696a6598._.js.map",
        "apps\\storefront\\.next\\dev\\static\\chunks\\apps_storefront_a0ff3932._.js",
        "apps\\storefront\\.next\\dev\\static\\chunks\\apps_storefront_app_8f3c581f._.css",
        "apps\\storefront\\.next\\dev\\static\\chunks\\apps_storefront_app_8f3c581f._.css.map",
        "apps\\storefront\\.next\\dev\\static\\chunks\\apps_storefront_app_geistmono_df95d851_module_css_bad6b30c._.single.css",
        "apps\\storefront\\.next\\dev\\static\\chunks\\apps_storefront_app_geistmono_df95d851_module_css_bad6b30c._.single.css.map",
        "apps\\storefront\\.next\\dev\\static\\chunks\\apps_storefront_app_geistsans_d025f23b_module_css_bad6b30c._.single.css",
        "apps\\storefront\\.next\\dev\\static\\chunks\\apps_storefront_app_geistsans_d025f23b_module_css_bad6b30c._.single.css.map",
        "apps\\storefront\\.next\\dev\\static\\chunks\\apps_storefront_app_globals_css_bad6b30c._.single.css",
        "apps\\storefront\\.next\\dev\\static\\chunks\\apps_storefront_app_globals_css_bad6b30c._.single.css.map",
        "apps\\storefront\\.next\\dev\\static\\chunks\\apps_storefront_app_layout_tsx_70331b46._.js",
        "apps\\storefront\\.next\\dev\\static\\chunks\\apps_storefront_app_org_[orgId]_anuncios_page_tsx_79dc331d._.js",
        "apps\\storefront\\.next\\dev\\static\\chunks\\apps_storefront_app_org_[orgId]_anuncios_page_tsx_7eb43269._.js",
        "apps\\storefront\\.next\\dev\\static\\chunks\\apps_storefront_app_org_[orgId]_anuncios_page_tsx_c06e7a07._.js",
        "apps\\storefront\\.next\\dev\\static\\chunks\\apps_storefront_app_org_[orgId]_layout_tsx_c06e7a07._.js",
        "apps\\storefront\\.next\\dev\\static\\chunks\\apps_storefront_app_page_tsx_c06e7a07._.js",
        "apps\\storefront\\.next\\dev\\static\\chunks\\apps_storefront_pages__app_2da965e7._.js",
        "apps\\storefront\\.next\\dev\\static\\chunks\\apps_storefront_pages__app_b47c8612._.js.map",
        "apps\\storefront\\.next\\dev\\static\\chunks\\apps_storefront_pages__error_2da965e7._.js",
        "apps\\storefront\\.next\\dev\\static\\chunks\\apps_storefront_pages__error_c6567b29._.js.map",
        "apps\\storefront\\.next\\dev\\static\\chunks\\node_modules__pnpm_7136f466._.js",
        "apps\\storefront\\.next\\dev\\static\\chunks\\node_modules__pnpm_7136f466._.js.map",
        "apps\\storefront\\.next\\dev\\static\\chunks\\packages_ui_src_button_tsx_d27cb06c._.js",
        "apps\\storefront\\.next\\dev\\static\\chunks\\packages_ui_src_button_tsx_d27cb06c._.js.map",
        "apps\\storefront\\.next\\dev\\static\\chunks\\pages",
        "apps\\storefront\\.next\\dev\\static\\chunks\\pages\\_app.js",
        "apps\\storefront\\.next\\dev\\static\\chunks\\pages\\_error.js",
        "apps\\storefront\\.next\\dev\\static\\chunks\\turbopack-apps_storefront_696a6598._.js",
        "apps\\storefront\\.next\\dev\\static\\chunks\\turbopack-apps_storefront_pages__app_b47c8612._.js",
        "apps\\storefront\\.next\\dev\\static\\chunks\\turbopack-apps_storefront_pages__error_c6567b29._.js",
        "apps\\storefront\\.next\\dev\\static\\development",
        "apps\\storefront\\.next\\dev\\static\\development\\_buildManifest.js",
        "apps\\storefront\\.next\\dev\\static\\development\\_clientMiddlewareManifest.json",
        "apps\\storefront\\.next\\dev\\static\\development\\_ssgManifest.js",
        "apps\\storefront\\.next\\dev\\static\\media",
        "apps\\storefront\\.next\\dev\\static\\media\\GeistMonoVF-s.p.2cee7d16.woff",
        "apps\\storefront\\.next\\dev\\static\\media\\GeistVF-s.p.4c3c0b96.woff",
        "apps\\storefront\\.next\\dev\\trace",
        "apps\\storefront\\.next\\dev\\types",
        "apps\\storefront\\.next\\dev\\types\\cache-life.d.ts",
        "apps\\storefront\\.next\\dev\\types\\link.d.ts",
        "apps\\storefront\\.next\\dev\\types\\routes.d.ts",
        "apps\\storefront\\.next\\dev\\types\\validator.ts",
        "apps\\storefront\\.next\\diagnostics",
        "apps\\storefront\\.next\\diagnostics\\build-diagnostics.json",
        "apps\\storefront\\.next\\diagnostics\\framework.json",
        "apps\\storefront\\.next\\export-marker.json",
        "apps\\storefront\\.next\\fallback-build-manifest.json",
        "apps\\storefront\\.next\\images-manifest.json",
        "apps\\storefront\\.next\\next-minimal-server.js.nft.json",
        "apps\\storefront\\.next\\next-server.js.nft.json",
        "apps\\storefront\\.next\\package.json",
        "apps\\storefront\\.next\\prerender-manifest.json",
        "apps\\storefront\\.next\\required-server-files.json",
        "apps\\storefront\\.next\\routes-manifest.json",
        "apps\\storefront\\.next\\server",
        "apps\\storefront\\.next\\server\\app",
        "apps\\storefront\\.next\\server\\app\\_global-error",
        "apps\\storefront\\.next\\server\\app\\_global-error\\page",
        "apps\\storefront\\.next\\server\\app\\_global-error\\page\\app-paths-manifest.json",
        "apps\\storefront\\.next\\server\\app\\_global-error\\page\\build-manifest.json",
        "apps\\storefront\\.next\\server\\app\\_global-error\\page\\next-font-manifest.json",
        "apps\\storefront\\.next\\server\\app\\_global-error\\page\\react-loadable-manifest.json",
        "apps\\storefront\\.next\\server\\app\\_global-error\\page\\server-reference-manifest.json",
        "apps\\storefront\\.next\\server\\app\\_global-error\\page.js",
        "apps\\storefront\\.next\\server\\app\\_global-error\\page.js.map",
        "apps\\storefront\\.next\\server\\app\\_global-error\\page.js.nft.json",
        "apps\\storefront\\.next\\server\\app\\_global-error\\page_client-reference-manifest.js",
        "apps\\storefront\\.next\\server\\app\\_global-error.html",
        "apps\\storefront\\.next\\server\\app\\_global-error.meta",
        "apps\\storefront\\.next\\server\\app\\_global-error.rsc",
        "apps\\storefront\\.next\\server\\app\\_global-error.segments",
        "apps\\storefront\\.next\\server\\app\\_global-error.segments\\__PAGE__.segment.rsc",
        "apps\\storefront\\.next\\server\\app\\_global-error.segments\\_full.segment.rsc",
        "apps\\storefront\\.next\\server\\app\\_global-error.segments\\_head.segment.rsc",
        "apps\\storefront\\.next\\server\\app\\_global-error.segments\\_index.segment.rsc",
        "apps\\storefront\\.next\\server\\app\\_global-error.segments\\_tree.segment.rsc",
        "apps\\storefront\\.next\\server\\app\\_not-found",
        "apps\\storefront\\.next\\server\\app\\_not-found\\page",
        "apps\\storefront\\.next\\server\\app\\_not-found\\page\\app-paths-manifest.json",
        "apps\\storefront\\.next\\server\\app\\_not-found\\page\\build-manifest.json",
        "apps\\storefront\\.next\\server\\app\\_not-found\\page\\next-font-manifest.json",
        "apps\\storefront\\.next\\server\\app\\_not-found\\page\\react-loadable-manifest.json",
        "apps\\storefront\\.next\\server\\app\\_not-found\\page\\server-reference-manifest.json",
        "apps\\storefront\\.next\\server\\app\\_not-found\\page.js",
        "apps\\storefront\\.next\\server\\app\\_not-found\\page.js.map",
        "apps\\storefront\\.next\\server\\app\\_not-found\\page.js.nft.json",
        "apps\\storefront\\.next\\server\\app\\_not-found\\page_client-reference-manifest.js",
        "apps\\storefront\\.next\\server\\app\\_not-found.html",
        "apps\\storefront\\.next\\server\\app\\_not-found.meta",
        "apps\\storefront\\.next\\server\\app\\_not-found.rsc",
        "apps\\storefront\\.next\\server\\app\\_not-found.segments",
        "apps\\storefront\\.next\\server\\app\\_not-found.segments\\_full.segment.rsc",
        "apps\\storefront\\.next\\server\\app\\_not-found.segments\\_head.segment.rsc",
        "apps\\storefront\\.next\\server\\app\\_not-found.segments\\_index.segment.rsc",
        "apps\\storefront\\.next\\server\\app\\_not-found.segments\\_not-found",
        "apps\\storefront\\.next\\server\\app\\_not-found.segments\\_not-found\\__PAGE__.segment.rsc",
        "apps\\storefront\\.next\\server\\app\\_not-found.segments\\_not-found.segment.rsc",
        "apps\\storefront\\.next\\server\\app\\_not-found.segments\\_tree.segment.rsc",
        "apps\\storefront\\.next\\server\\app\\index.html",
        "apps\\storefront\\.next\\server\\app\\index.meta",
        "apps\\storefront\\.next\\server\\app\\index.rsc",
        "apps\\storefront\\.next\\server\\app\\index.segments",
        "apps\\storefront\\.next\\server\\app\\index.segments\\__PAGE__.segment.rsc",
        "apps\\storefront\\.next\\server\\app\\index.segments\\_full.segment.rsc",
        "apps\\storefront\\.next\\server\\app\\index.segments\\_head.segment.rsc",
        "apps\\storefront\\.next\\server\\app\\index.segments\\_index.segment.rsc",
        "apps\\storefront\\.next\\server\\app\\index.segments\\_tree.segment.rsc",
        "apps\\storefront\\.next\\server\\app\\org",
        "apps\\storefront\\.next\\server\\app\\org\\[orgId]",
        "apps\\storefront\\.next\\server\\app\\org\\[orgId]\\anuncios",
        "apps\\storefront\\.next\\server\\app\\org\\[orgId]\\anuncios\\[id]",
        "apps\\storefront\\.next\\server\\app\\org\\[orgId]\\anuncios\\[id]\\page",
        "apps\\storefront\\.next\\server\\app\\org\\[orgId]\\anuncios\\[id]\\page\\app-paths-manifest.json",
        "apps\\storefront\\.next\\server\\app\\org\\[orgId]\\anuncios\\[id]\\page\\build-manifest.json",
        "apps\\storefront\\.next\\server\\app\\org\\[orgId]\\anuncios\\[id]\\page\\next-font-manifest.json",
        "apps\\storefront\\.next\\server\\app\\org\\[orgId]\\anuncios\\[id]\\page\\react-loadable-manifest.json",
        "apps\\storefront\\.next\\server\\app\\org\\[orgId]\\anuncios\\[id]\\page\\server-reference-manifest.json",
        "apps\\storefront\\.next\\server\\app\\org\\[orgId]\\anuncios\\[id]\\page.js",
        "apps\\storefront\\.next\\server\\app\\org\\[orgId]\\anuncios\\[id]\\page.js.map",
        "apps\\storefront\\.next\\server\\app\\org\\[orgId]\\anuncios\\[id]\\page.js.nft.json",
        "apps\\storefront\\.next\\server\\app\\org\\[orgId]\\anuncios\\[id]\\page_client-reference-manifest.js",
        "apps\\storefront\\.next\\server\\app\\org\\[orgId]\\anuncios\\page",
        "apps\\storefront\\.next\\server\\app\\org\\[orgId]\\anuncios\\page\\app-paths-manifest.json",
        "apps\\storefront\\.next\\server\\app\\org\\[orgId]\\anuncios\\page\\build-manifest.json",
        "apps\\storefront\\.next\\server\\app\\org\\[orgId]\\anuncios\\page\\next-font-manifest.json",
        "apps\\storefront\\.next\\server\\app\\org\\[orgId]\\anuncios\\page\\react-loadable-manifest.json",
        "apps\\storefront\\.next\\server\\app\\org\\[orgId]\\anuncios\\page\\server-reference-manifest.json",
        "apps\\storefront\\.next\\server\\app\\org\\[orgId]\\anuncios\\page.js",
        "apps\\storefront\\.next\\server\\app\\org\\[orgId]\\anuncios\\page.js.map",
        "apps\\storefront\\.next\\server\\app\\org\\[orgId]\\anuncios\\page.js.nft.json",
        "apps\\storefront\\.next\\server\\app\\org\\[orgId]\\anuncios\\page_client-reference-manifest.js",
        "apps\\storefront\\.next\\server\\app\\org\\[orgId]\\page",
        "apps\\storefront\\.next\\server\\app\\org\\[orgId]\\page\\app-paths-manifest.json",
        "apps\\storefront\\.next\\server\\app\\org\\[orgId]\\page\\build-manifest.json",
        "apps\\storefront\\.next\\server\\app\\org\\[orgId]\\page\\next-font-manifest.json",
        "apps\\storefront\\.next\\server\\app\\org\\[orgId]\\page\\react-loadable-manifest.json",
        "apps\\storefront\\.next\\server\\app\\org\\[orgId]\\page\\server-reference-manifest.json",
        "apps\\storefront\\.next\\server\\app\\org\\[orgId]\\page.js",
        "apps\\storefront\\.next\\server\\app\\org\\[orgId]\\page.js.map",
        "apps\\storefront\\.next\\server\\app\\org\\[orgId]\\page.js.nft.json",
        "apps\\storefront\\.next\\server\\app\\org\\[orgId]\\page_client-reference-manifest.js",
        "apps\\storefront\\.next\\server\\app\\page",
        "apps\\storefront\\.next\\server\\app\\page\\app-paths-manifest.json",
        "apps\\storefront\\.next\\server\\app\\page\\build-manifest.json",
        "apps\\storefront\\.next\\server\\app\\page\\next-font-manifest.json",
        "apps\\storefront\\.next\\server\\app\\page\\react-loadable-manifest.json",
        "apps\\storefront\\.next\\server\\app\\page\\server-reference-manifest.json",
        "apps\\storefront\\.next\\server\\app\\page.js",
        "apps\\storefront\\.next\\server\\app\\page.js.map",
        "apps\\storefront\\.next\\server\\app\\page.js.nft.json",
        "apps\\storefront\\.next\\server\\app\\page_client-reference-manifest.js",
        "apps\\storefront\\.next\\server\\app\\robots.txt",
        "apps\\storefront\\.next\\server\\app\\robots.txt\\route",
        "apps\\storefront\\.next\\server\\app\\robots.txt\\route\\app-paths-manifest.json",
        "apps\\storefront\\.next\\server\\app\\robots.txt\\route\\build-manifest.json",
        "apps\\storefront\\.next\\server\\app\\robots.txt\\route\\server-reference-manifest.json",
        "apps\\storefront\\.next\\server\\app\\robots.txt\\route.js",
        "apps\\storefront\\.next\\server\\app\\robots.txt\\route.js.map",
        "apps\\storefront\\.next\\server\\app\\robots.txt\\route.js.nft.json",
        "apps\\storefront\\.next\\server\\app\\robots.txt\\route_client-reference-manifest.js",
        "apps\\storefront\\.next\\server\\app\\robots.txt.body",
        "apps\\storefront\\.next\\server\\app\\robots.txt.meta",
        "apps\\storefront\\.next\\server\\app\\sitemap.xml",
        "apps\\storefront\\.next\\server\\app\\sitemap.xml\\route",
        "apps\\storefront\\.next\\server\\app\\sitemap.xml\\route\\app-paths-manifest.json",
        "apps\\storefront\\.next\\server\\app\\sitemap.xml\\route\\build-manifest.json",
        "apps\\storefront\\.next\\server\\app\\sitemap.xml\\route\\server-reference-manifest.json",
        "apps\\storefront\\.next\\server\\app\\sitemap.xml\\route.js",
        "apps\\storefront\\.next\\server\\app\\sitemap.xml\\route.js.map",
        "apps\\storefront\\.next\\server\\app\\sitemap.xml\\route.js.nft.json",
        "apps\\storefront\\.next\\server\\app\\sitemap.xml\\route_client-reference-manifest.js",
        "apps\\storefront\\.next\\server\\app-paths-manifest.json",
        "apps\\storefront\\.next\\server\\chunks",
        "apps\\storefront\\.next\\server\\chunks\\[root-of-the-server]__3b4091dd._.js",
        "apps\\storefront\\.next\\server\\chunks\\[root-of-the-server]__3b4091dd._.js.map",
        "apps\\storefront\\.next\\server\\chunks\\[root-of-the-server]__5a7c92ea._.js",
        "apps\\storefront\\.next\\server\\chunks\\[root-of-the-server]__5a7c92ea._.js.map",
        "apps\\storefront\\.next\\server\\chunks\\[root-of-the-server]__66d56c75._.js",
        "apps\\storefront\\.next\\server\\chunks\\[root-of-the-server]__66d56c75._.js.map",
        "apps\\storefront\\.next\\server\\chunks\\[turbopack]_runtime.js",
        "apps\\storefront\\.next\\server\\chunks\\[turbopack]_runtime.js.map",
        "apps\\storefront\\.next\\server\\chunks\\apps_storefront__next-internal_server_app_robots_txt_route_actions_722c2763.js",
        "apps\\storefront\\.next\\server\\chunks\\apps_storefront__next-internal_server_app_robots_txt_route_actions_722c2763.js.map",
        "apps\\storefront\\.next\\server\\chunks\\apps_storefront__next-internal_server_app_sitemap_xml_route_actions_413c119c.js",
        "apps\\storefront\\.next\\server\\chunks\\apps_storefront__next-internal_server_app_sitemap_xml_route_actions_413c119c.js.map",
        "apps\\storefront\\.next\\server\\chunks\\ssr",
        "apps\\storefront\\.next\\server\\chunks\\ssr\\0da96_storefront__next-internal_server_app_org_[orgId]_anuncios_page_actions_878e2489.js",
        "apps\\storefront\\.next\\server\\chunks\\ssr\\0da96_storefront__next-internal_server_app_org_[orgId]_anuncios_page_actions_878e2489.js.map",
        "apps\\storefront\\.next\\server\\chunks\\ssr\\275cd_next_dist_3fb4b866._.js",
        "apps\\storefront\\.next\\server\\chunks\\ssr\\275cd_next_dist_3fb4b866._.js.map",
        "apps\\storefront\\.next\\server\\chunks\\ssr\\275cd_next_dist_4bc5ac40._.js",
        "apps\\storefront\\.next\\server\\chunks\\ssr\\275cd_next_dist_4bc5ac40._.js.map",
        "apps\\storefront\\.next\\server\\chunks\\ssr\\275cd_next_dist_73535402._.js",
        "apps\\storefront\\.next\\server\\chunks\\ssr\\275cd_next_dist_73535402._.js.map",
        "apps\\storefront\\.next\\server\\chunks\\ssr\\275cd_next_dist_c1c4d647._.js",
        "apps\\storefront\\.next\\server\\chunks\\ssr\\275cd_next_dist_c1c4d647._.js.map",
        "apps\\storefront\\.next\\server\\chunks\\ssr\\275cd_next_dist_client_components_44061dcf._.js",
        "apps\\storefront\\.next\\server\\chunks\\ssr\\275cd_next_dist_client_components_44061dcf._.js.map",
        "apps\\storefront\\.next\\server\\chunks\\ssr\\275cd_next_dist_client_components_builtin_forbidden_83c1f1ca.js",
        "apps\\storefront\\.next\\server\\chunks\\ssr\\275cd_next_dist_client_components_builtin_forbidden_83c1f1ca.js.map",
        "apps\\storefront\\.next\\server\\chunks\\ssr\\275cd_next_dist_client_components_builtin_global-error_832d590f.js",
        "apps\\storefront\\.next\\server\\chunks\\ssr\\275cd_next_dist_client_components_builtin_global-error_832d590f.js.map",
        "apps\\storefront\\.next\\server\\chunks\\ssr\\275cd_next_dist_client_components_builtin_unauthorized_9d117012.js",
        "apps\\storefront\\.next\\server\\chunks\\ssr\\275cd_next_dist_client_components_builtin_unauthorized_9d117012.js.map",
        "apps\\storefront\\.next\\server\\chunks\\ssr\\275cd_next_dist_esm_build_templates_app-page_b4cb1348.js",
        "apps\\storefront\\.next\\server\\chunks\\ssr\\275cd_next_dist_esm_build_templates_app-page_b4cb1348.js.map",
        "apps\\storefront\\.next\\server\\chunks\\ssr\\275cd_next_dist_server_route-modules_app-page_vendored_885c2ec8._.js",
        "apps\\storefront\\.next\\server\\chunks\\ssr\\275cd_next_dist_server_route-modules_app-page_vendored_885c2ec8._.js.map",
        "apps\\storefront\\.next\\server\\chunks\\ssr\\3cd3d__next-internal_server_app_org_[orgId]_anuncios_[id]_page_actions_c0883251.js",
        "apps\\storefront\\.next\\server\\chunks\\ssr\\3cd3d__next-internal_server_app_org_[orgId]_anuncios_[id]_page_actions_c0883251.js.map",
        "apps\\storefront\\.next\\server\\chunks\\ssr\\[root-of-the-server]__025b4968._.js",
        "apps\\storefront\\.next\\server\\chunks\\ssr\\[root-of-the-server]__025b4968._.js.map",
        "apps\\storefront\\.next\\server\\chunks\\ssr\\[root-of-the-server]__0411f4c1._.js",
        "apps\\storefront\\.next\\server\\chunks\\ssr\\[root-of-the-server]__0411f4c1._.js.map",
        "apps\\storefront\\.next\\server\\chunks\\ssr\\[root-of-the-server]__50dbf6fd._.js",
        "apps\\storefront\\.next\\server\\chunks\\ssr\\[root-of-the-server]__50dbf6fd._.js.map",
        "apps\\storefront\\.next\\server\\chunks\\ssr\\[root-of-the-server]__64caec6f._.js",
        "apps\\storefront\\.next\\server\\chunks\\ssr\\[root-of-the-server]__64caec6f._.js.map",
        "apps\\storefront\\.next\\server\\chunks\\ssr\\[root-of-the-server]__9f03c214._.js",
        "apps\\storefront\\.next\\server\\chunks\\ssr\\[root-of-the-server]__9f03c214._.js.map",
        "apps\\storefront\\.next\\server\\chunks\\ssr\\[root-of-the-server]__a21bebdf._.js",
        "apps\\storefront\\.next\\server\\chunks\\ssr\\[root-of-the-server]__a21bebdf._.js.map",
        "apps\\storefront\\.next\\server\\chunks\\ssr\\[root-of-the-server]__b2203442._.js",
        "apps\\storefront\\.next\\server\\chunks\\ssr\\[root-of-the-server]__b2203442._.js.map",
        "apps\\storefront\\.next\\server\\chunks\\ssr\\[root-of-the-server]__b418ef96._.js",
        "apps\\storefront\\.next\\server\\chunks\\ssr\\[root-of-the-server]__b418ef96._.js.map",
        "apps\\storefront\\.next\\server\\chunks\\ssr\\[root-of-the-server]__c3769ed3._.js",
        "apps\\storefront\\.next\\server\\chunks\\ssr\\[root-of-the-server]__c3769ed3._.js.map",
        "apps\\storefront\\.next\\server\\chunks\\ssr\\[root-of-the-server]__ccc89212._.js",
        "apps\\storefront\\.next\\server\\chunks\\ssr\\[root-of-the-server]__ccc89212._.js.map",
        "apps\\storefront\\.next\\server\\chunks\\ssr\\[root-of-the-server]__e452a9fd._.js",
        "apps\\storefront\\.next\\server\\chunks\\ssr\\[root-of-the-server]__e452a9fd._.js.map",
        "apps\\storefront\\.next\\server\\chunks\\ssr\\[root-of-the-server]__f30d5cd1._.js",
        "apps\\storefront\\.next\\server\\chunks\\ssr\\[root-of-the-server]__f30d5cd1._.js.map",
        "apps\\storefront\\.next\\server\\chunks\\ssr\\[turbopack]_runtime.js",
        "apps\\storefront\\.next\\server\\chunks\\ssr\\[turbopack]_runtime.js.map",
        "apps\\storefront\\.next\\server\\chunks\\ssr\\_2e168298._.js",
        "apps\\storefront\\.next\\server\\chunks\\ssr\\_2e168298._.js.map",
        "apps\\storefront\\.next\\server\\chunks\\ssr\\_36c1d1eb._.js",
        "apps\\storefront\\.next\\server\\chunks\\ssr\\_36c1d1eb._.js.map",
        "apps\\storefront\\.next\\server\\chunks\\ssr\\_5d25fd0a._.js",
        "apps\\storefront\\.next\\server\\chunks\\ssr\\_5d25fd0a._.js.map",
        "apps\\storefront\\.next\\server\\chunks\\ssr\\_c15e453b._.js",
        "apps\\storefront\\.next\\server\\chunks\\ssr\\_c15e453b._.js.map",
        "apps\\storefront\\.next\\server\\chunks\\ssr\\_e194f30c._.js",
        "apps\\storefront\\.next\\server\\chunks\\ssr\\_e194f30c._.js.map",
        "apps\\storefront\\.next\\server\\chunks\\ssr\\apps_storefront__next-internal_server_app__global-error_page_actions_7a8de9e2.js",
        "apps\\storefront\\.next\\server\\chunks\\ssr\\apps_storefront__next-internal_server_app__global-error_page_actions_7a8de9e2.js.map",
        "apps\\storefront\\.next\\server\\chunks\\ssr\\apps_storefront__next-internal_server_app__not-found_page_actions_73173e43.js",
        "apps\\storefront\\.next\\server\\chunks\\ssr\\apps_storefront__next-internal_server_app__not-found_page_actions_73173e43.js.map",
        "apps\\storefront\\.next\\server\\chunks\\ssr\\apps_storefront__next-internal_server_app_org_[orgId]_page_actions_371509fb.js",
        "apps\\storefront\\.next\\server\\chunks\\ssr\\apps_storefront__next-internal_server_app_org_[orgId]_page_actions_371509fb.js.map",
        "apps\\storefront\\.next\\server\\chunks\\ssr\\apps_storefront__next-internal_server_app_page_actions_f499f551.js",
        "apps\\storefront\\.next\\server\\chunks\\ssr\\apps_storefront__next-internal_server_app_page_actions_f499f551.js.map",
        "apps\\storefront\\.next\\server\\chunks\\ssr\\apps_storefront_app_0b61a4c3._.js",
        "apps\\storefront\\.next\\server\\chunks\\ssr\\apps_storefront_app_0b61a4c3._.js.map",
        "apps\\storefront\\.next\\server\\chunks\\ssr\\apps_storefront_app_7f06a707._.js",
        "apps\\storefront\\.next\\server\\chunks\\ssr\\apps_storefront_app_7f06a707._.js.map",
        "apps\\storefront\\.next\\server\\chunks\\ssr\\node_modules__pnpm_5a24f37f._.js",
        "apps\\storefront\\.next\\server\\chunks\\ssr\\node_modules__pnpm_5a24f37f._.js.map",
        "apps\\storefront\\.next\\server\\chunks\\ssr\\packages_ui_src_index_ts_b6a1a3fe._.js",
        "apps\\storefront\\.next\\server\\chunks\\ssr\\packages_ui_src_index_ts_b6a1a3fe._.js.map",
        "apps\\storefront\\.next\\server\\functions-config-manifest.json",
        "apps\\storefront\\.next\\server\\interception-route-rewrite-manifest.js",
        "apps\\storefront\\.next\\server\\middleware-build-manifest.js",
        "apps\\storefront\\.next\\server\\middleware-manifest.json",
        "apps\\storefront\\.next\\server\\next-font-manifest.js",
        "apps\\storefront\\.next\\server\\next-font-manifest.json",
        "apps\\storefront\\.next\\server\\pages",
        "apps\\storefront\\.next\\server\\pages\\404.html",
        "apps\\storefront\\.next\\server\\pages\\500.html",
        "apps\\storefront\\.next\\server\\pages-manifest.json",
        "apps\\storefront\\.next\\server\\server-reference-manifest.js",
        "apps\\storefront\\.next\\server\\server-reference-manifest.json",
        "apps\\storefront\\.next\\static",
        "apps\\storefront\\.next\\static\\chunks",
        "apps\\storefront\\.next\\static\\chunks\\21684d084503bb06.css",
        "apps\\storefront\\.next\\static\\chunks\\4d15ae98f3866a50.js",
        "apps\\storefront\\.next\\static\\chunks\\6cbb113e3a7cbba2.js",
        "apps\\storefront\\.next\\static\\chunks\\7c8949c0a15ea498.js",
        "apps\\storefront\\.next\\static\\chunks\\8051d9fd5fdbb8e4.js",
        "apps\\storefront\\.next\\static\\chunks\\9470cd7e1f3da10b.js",
        "apps\\storefront\\.next\\static\\chunks\\a6dad97d9634a72d.js",
        "apps\\storefront\\.next\\static\\chunks\\ce03da0b751f1205.js",
        "apps\\storefront\\.next\\static\\chunks\\d08f586c283b5b0a.js",
        "apps\\storefront\\.next\\static\\chunks\\d5a367720c0671ff.js",
        "apps\\storefront\\.next\\static\\chunks\\turbopack-73cef41c2015ca7d.js",
        "apps\\storefront\\.next\\static\\ftoHkVcZGnpUgTdS17a2i",
        "apps\\storefront\\.next\\static\\ftoHkVcZGnpUgTdS17a2i\\_buildManifest.js",
        "apps\\storefront\\.next\\static\\ftoHkVcZGnpUgTdS17a2i\\_clientMiddlewareManifest.json",
        "apps\\storefront\\.next\\static\\ftoHkVcZGnpUgTdS17a2i\\_ssgManifest.js",
        "apps\\storefront\\.next\\static\\media",
        "apps\\storefront\\.next\\static\\media\\GeistMonoVF-s.p.2cee7d16.woff",
        "apps\\storefront\\.next\\static\\media\\GeistVF-s.p.4c3c0b96.woff",
        "apps\\storefront\\.next\\trace",
        "apps\\storefront\\.next\\trace-build",
        "apps\\storefront\\.next\\turbopack",
        "apps\\storefront\\.next\\types",
        "apps\\storefront\\.next\\types\\link.d.ts",
        "apps\\storefront\\.next\\types\\routes.d.ts",
        "apps\\storefront\\.next\\types\\validator.ts",
        "apps\\storefront\\.turbo\\turbo-build.log"
      ],
      "framework": "nextjs",
      "envMode": "strict",
      "environmentVariables": {
        "specified": {
          "env": [],
          "passThroughEnv": null
        },
        "configured": [],
        "inferred": [],
        "passthrough": null
      },
      "execution": {
        "startTime": 1763987510295,
        "endTime": 1763987547645,
        "exitCode": 0
      }
    }
  ],
  "user": "",
  "scm": {
    "type": "git",
    "sha": "8dbd232ad4e7a6e597fae627253cda8dbc1859ac",
    "branch": "platform/monorepo-hooks"
  }
}
