{
  "$schema": "https://turborepo.com/schema.json",
  "ui": "tui",
  "tasks": {
    "build": {
      "dependsOn": ["^build"],
      "inputs": [
        "$TURBO_DEFAULT$",
        ".env*",

        // ✅ EXCLUI outputs do hash
        "!**/.next/**",
        "!**/dist/**",
        "!**/out/**",
        "!**/.turbo/**"
      ],
      "outputs": [".next/**", "!.next/cache/**", "dist/**"]
    },
    "lint": { "dependsOn": ["^lint"] },
    "check-types": { "dependsOn": ["^check-types"] },
    "dev": { "cache": false, "persistent": true }
  }
}
